{
    "attachments": [
        {
            "data_filename": "270891.png",
            "original_filename": "Capture.png",
            "thumb_filename": "thumbs\/270891.jpg"
        },
        {
            "data_filename": "270892.png",
            "original_filename": "Capture2.png",
            "thumb_filename": "thumbs\/270892.jpg"
        },
        {
            "data_filename": "551805.png",
            "original_filename": "D500_jato.png",
            "thumb_filename": "thumbs\/551805.jpg"
        }
    ],
    "resource_id": 1737,
    "current_version_id": 18038,
    "download_count": 0,
    "resource_version_id": 19423,
    "version_string": "7",
    "last_update": 1564414137,
    "rating_avg": 4.55245,
    "rating_count": 0,
    "rating_sum": 0,
    "resource_category_id": 3,
    "resource_date": 1483376684,
    "review_count": 157,
    "tag_line": "Type-D version of the school bus with flat nose and rear engine based heavily on the t-series semi",
    "update_count": 9,
    "path": "M7GYT6V3N\/18038\/",
    "filename": "flatbus.zip",
    "title": "Dansworth D2500 (Type-D) Rear Engine Bus",
    "user_id": 27893,
    "username": "ThreeDTech21",
    "tagid": "M7GYT6V3N",
    "message": "[CENTER][B][SIZE=5]Dansworth American School Bus D2500 Type-D Rear Engine\n[ATTACH]270891[\/ATTACH] [ATTACH]270892[\/ATTACH] [ATTACH]551805[\/ATTACH] [ATTACH]551806[\/ATTACH] [ATTACH]551807[\/ATTACH] [ATTACH]551808[\/ATTACH] [ATTACH]565217[\/ATTACH] [ATTACH]565218[\/ATTACH] [\/SIZE][\/B]\n[ATTACH]600067[\/ATTACH] [ATTACH]600066[\/ATTACH] \n[\/CENTER]\nThis is the Dansworth Yellow American School Bus Type-D Rear Engine Bus, now you can command a schoolbus!\n\n[CENTER][U][B]Some Info:[\/B][\/U][\/CENTER]\n[B]TYPE D[\/B]: A \u201ctype D school bus\u201d is a body installed upon a chassis, with the engine mounted in the front, midship or rear, with a gross vehicle weight rating of more than 10,000, designed for carrying more than ten persons. The engine may be behind the windshield and beside the driver\u2019s seat; it may be at the rear of the bus, behind the rear wheels, or midship between the front and rear axles. The entrance door is ahead of the front wheels. A type D school bus has a maximum length of 45 feet\n\n\n[CENTER][B][B]Features:[\/B][\/B]\nDifferent camera views\n24 passengers\nAll working lights\nWorking doors[\/CENTER]\n\n[CENTER][\/CENTER]\n\n[CENTER][B][COLOR=#b3b300]How to drive a school bus[\/COLOR][\/B]\nBefore coming to a stop to pick up kids, put on your hazards\nwhen at full stop turn on you parking brake\nwait until the kids sit down\nturn off your parking brake\nturn off your hazard\nsignal left \/ check your mirrors\npull off slowly and depart : )\n[\/CENTER]\n\n\n[CENTER]\n\n[\/CENTER]",
    "category_title": "",
    "prefix_title": "",
    "via": "packed by repo on Mon, 21 Oct 2019 16:30:26 GMT",
    "hashes": [
        [
            "vehicles\/flatbus\/info_D2500_wings.json",
            "be1dde5461ff1dcb"
        ],
        [
            "vehicles\/flatbus\/flatbus_seats_black_d.dds",
            "230d4ac4d476fba2"
        ],
        [
            "vehicles\/flatbus\/flatbus_seats_blue_d.dds",
            "7c66d8123a3e9638"
        ],
        [
            "vehicles\/flatbus\/flatbus_supercharger_intake_s.dds",
            "888a62803505eaf7"
        ],
        [
            "vehicles\/flatbus\/D2500_passengers_2.png",
            "e3c3651fad33f55d"
        ],
        [
            "vehicles\/flatbus\/flatbus_glass.dds",
            "83c5b2e7734592d1"
        ],
        [
            "vehicles\/flatbus\/flatbus_indest.jbeam",
            "a91671ac4c5aa2cb"
        ],
        [
            "vehicles\/flatbus\/flatbus_horns.jbeam",
            "e2fe678ccced9beb"
        ],
        [
            "vehicles\/flatbus\/dummy.dae",
            "03a0d54dad273434"
        ],
        [
            "vehicles\/flatbus\/flatbus_normal.dds",
            "99f5d99e0f816680"
        ],
        [
            "vehicles\/flatbus\/D2500_indestructable.png",
            "3621dfbaa952a953"
        ],
        [
            "vehicles\/flatbus\/barstow_engine_v8_n.dds",
            "1bdadb05503a1bfd"
        ],
        [
            "vehicles\/flatbus\/citybus_jato_r.dds",
            "2ec7121710a16b57"
        ],
        [
            "vehicles\/flatbus\/flatbus_passengers_R_seatbelt.jbeam",
            "d731473b89c60058"
        ],
        [
            "vehicles\/flatbus\/D2500_passengers_4.pc",
            "fd253939e1c57303"
        ],
        [
            "vehicles\/flatbus\/flatbus_front_panels.jbeam",
            "e5ad2d486ce3661b"
        ],
        [
            "vehicles\/flatbus\/materials.cs",
            "9d3e98caac760cf3"
        ],
        [
            "vehicles\/flatbus\/flatbus_glass_da.dds",
            "aba4ec516ba1011f"
        ],
        [
            "vehicles\/flatbus\/flatbus_supercharger_tube_d.dds",
            "9ead2728fa28790e"
        ],
        [
            "vehicles\/flatbus\/info_D2500_Stock.json",
            "415b8b1f27259be3"
        ],
        [
            "vehicles\/flatbus\/flatbus_engbay_front.dds",
            "30b2d6a1223ad80f"
        ],
        [
            "vehicles\/flatbus\/citybus_jato_d.dds",
            "9489e4670e0196d5"
        ],
        [
            "vehicles\/flatbus\/frame_bolt_s.dds",
            "62c9e1781bf5f7b7"
        ],
        [
            "vehicles\/flatbus\/flatbus_twin_turbo_intake_d.dds",
            "bf95cb4c64a9d4f9"
        ],
        [
            "vehicles\/flatbus\/D2500_jato.png",
            "58dd5b4f649bcd28"
        ],
        [
            "vehicles\/flatbus\/flatbus_radiator.jbeam",
            "ad834179ec869ee2"
        ],
        [
            "vehicles\/flatbus\/flatbus_passengers_R.jbeam",
            "0fe5a260cdb3bbd9"
        ],
        [
            "vehicles\/flatbus\/info_D2500_drag_supercharger.json",
            "5ef43a2d91d7d59f"
        ],
        [
            "vehicles\/flatbus\/flatbus_n.dds",
            "5823800ec6388b4a"
        ],
        [
            "vehicles\/flatbus\/flatbus_engbay.dds",
            "badbf4a360299d1c"
        ],
        [
            "vehicles\/flatbus\/flatbus_skin_UV.png",
            "e858975d14301bc7"
        ],
        [
            "vehicles\/flatbus\/info_D2500_passengers_6.json",
            "82f0351aeb909a41"
        ],
        [
            "vehicles\/flatbus\/flatbus_rollcage_d.dds",
            "8398d41941e2abac"
        ],
        [
            "vehicles\/flatbus\/flatbus_engine_mike94.jbeam",
            "99639edbb5d74cb1"
        ],
        [
            "vehicles\/flatbus\/flatbus_van_seats_n.dds",
            "32c0a8ec1743eb61"
        ],
        [
            "vehicles\/flatbus\/flatbus_body_xray.jbeam",
            "b18ddc26b9275990"
        ],
        [
            "vehicles\/flatbus\/flatbus_brakes.jbeam",
            "c1266e42c3765fdc"
        ],
        [
            "vehicles\/flatbus\/flatbus_vents.dds",
            "8b4d3cdc50e2cd7c"
        ],
        [
            "vehicles\/flatbus\/flatbus_fascia.jbeam",
            "fed10d03dee3e9d7"
        ],
        [
            "vehicles\/flatbus\/flatbus_hatch_s.dds",
            "e4ee175be7f4d617"
        ],
        [
            "vehicles\/flatbus\/info_D2500_passengers_2.json",
            "96253208b066906e"
        ],
        [
            "vehicles\/flatbus\/flatbus.jbeam",
            "b9b75336997c17d4"
        ],
        [
            "vehicles\/flatbus\/flatbus_body.jbeam",
            "e521bc0d04092545"
        ],
        [
            "vehicles\/flatbus\/input_actions.json",
            "33d610f3b62512f7"
        ],
        [
            "vehicles\/flatbus\/flatbus_supercharger_intake.dds",
            "f0cce9e3a51a3645"
        ],
        [
            "vehicles\/flatbus\/D2500_jato.pc",
            "53522a00815fbdde"
        ],
        [
            "vehicles\/flatbus\/flatbus_engine_drag.jbeam",
            "6cef5a326a214b2c"
        ],
        [
            "vehicles\/flatbus\/flatbus_dash.jbeam",
            "71053d0058963b6f"
        ],
        [
            "vehicles\/flatbus\/flatbus_glass_dmg.dds",
            "5efa7f9014d66bc8"
        ],
        [
            "vehicles\/flatbus\/flatbus_engbays.jbeam",
            "ceca3c54ca1a39fd"
        ],
        [
            "vehicles\/flatbus\/jato.lua",
            "bd3eb98fb354d1af"
        ],
        [
            "vehicles\/flatbus\/flatbus_bumper_F.jbeam",
            "b19fafd875b87641"
        ],
        [
            "vehicles\/flatbus\/flatbus_seats_n.dds",
            "11b7f03084b5f8c6"
        ],
        [
            "vehicles\/flatbus\/wings_s.dds",
            "541d2385b8a30a4a"
        ],
        [
            "vehicles\/flatbus\/flatbus_tires_R.jbeam",
            "9d424b139dd04acb"
        ],
        [
            "vehicles\/flatbus\/flatbus_wheels_F.jbeam",
            "640979c7679e8f94"
        ],
        [
            "vehicles\/flatbus\/flatbus_window_holders_n.dds",
            "c235469204a18d23"
        ],
        [
            "vehicles\/flatbus\/flatbus_drag_exhaust_s.dds",
            "774e185decefcddf"
        ],
        [
            "vehicles\/flatbus\/flatbus_body_drag.jbeam",
            "7b116fce10d4aedf"
        ],
        [
            "vehicles\/flatbus\/D500_jato.png",
            "465af6845ad53f14"
        ],
        [
            "vehicles\/flatbus\/flatbus_parts.dae",
            "0eae85846903ac07"
        ],
        [
            "vehicles\/flatbus\/whiteblank.DDS",
            "f12178728ad65b49"
        ],
        [
            "vehicles\/flatbus\/lua\/controller\/bomb.lua",
            "ac16c7d5b5f42474"
        ],
        [
            "vehicles\/flatbus\/lua\/controller\/jato.lua",
            "bd3eb98fb354d1af"
        ],
        [
            "vehicles\/flatbus\/lua\/controller\/bus.lua",
            "f41cb88f67d697e4"
        ],
        [
            "vehicles\/flatbus\/lua\/controller\/roscosmos.lua",
            "caf1f8d3e6e8d994"
        ],
        [
            "vehicles\/flatbus\/flatbus_mudflaps.jbeam",
            "d57d45f42b30aae2"
        ],
        [
            "vehicles\/flatbus\/flatbus_tires_F.jbeam",
            "d959d31199d7d10e"
        ],
        [
            "vehicles\/flatbus\/D2500_Stripped.pc",
            "23392aa543efc2b3"
        ],
        [
            "vehicles\/flatbus\/schoolbus_leather_grey.dds",
            "04df4f806bab836c"
        ],
        [
            "vehicles\/flatbus\/info_D2500_drag_supercharger_luda.json",
            "4226e039a97fe01f"
        ],
        [
            "vehicles\/flatbus\/D2500_passengers_6.pc",
            "e796bb9a523feed5"
        ],
        [
            "vehicles\/flatbus\/flatbus_passengers_L_seatbelt.jbeam",
            "fd51813fca433080"
        ],
        [
            "vehicles\/flatbus\/info_D2500_tech.json",
            "4666bc1a2170f32c"
        ],
        [
            "vehicles\/flatbus\/flatbus_items.jbeam",
            "3c6547ba5da14c82"
        ],
        [
            "vehicles\/flatbus\/wings_n.dds",
            "a626598eec03d7cb"
        ],
        [
            "vehicles\/flatbus\/flatbus_transmission_drag.jbeam",
            "349d92dc3177bc82"
        ],
        [
            "vehicles\/flatbus\/D2500_indestructable.pc",
            "1b32e9d2c4aed285"
        ],
        [
            "vehicles\/flatbus\/flatbus_van_seats_s.dds",
            "c09d1d7f462a765a"
        ],
        [
            "vehicles\/flatbus\/flatbus_dash.dds",
            "9f4a8471b7e8a4cd"
        ],
        [
            "vehicles\/flatbus\/info_D2500_Tuned.json",
            "d610f6a704f30342"
        ],
        [
            "vehicles\/flatbus\/citybus_jato_n.dds",
            "52be7d87967255b5"
        ],
        [
            "vehicles\/flatbus\/flatbus_interior.dds",
            "5870948425025c2a"
        ],
        [
            "vehicles\/flatbus\/D2500_tech.png",
            "8a9cfbb2a22bd860"
        ],
        [
            "vehicles\/flatbus\/flatbus_bumpers.dds",
            "f97643c0f36b0f52"
        ],
        [
            "vehicles\/flatbus\/D2500_passengers_4.png",
            "e3c3651fad33f55d"
        ],
        [
            "vehicles\/flatbus\/flatbus_jato.jbeam",
            "10d6c2963c6396c8"
        ],
        [
            "vehicles\/flatbus\/default.png",
            "a3eb5647a040ea7c"
        ],
        [
            "vehicles\/flatbus\/flatbus_mesh2_d.dds",
            "e005169cb06b2352"
        ],
        [
            "vehicles\/flatbus\/flatbus.dds",
            "25dd1eb5a9823ee3"
        ],
        [
            "vehicles\/flatbus\/flatbus_drag_supercharger_tube.dds",
            "c3d3820bd822a740"
        ],
        [
            "vehicles\/flatbus\/flatbus_monitor.dds",
            "0f89e7667dba0f53"
        ],
        [
            "vehicles\/flatbus\/D2500_drag_supercharger_luda.png",
            "2528ddb444360cf5"
        ],
        [
            "vehicles\/flatbus\/flatbus_reflectors.dds",
            "b558f908cc022771"
        ],
        [
            "vehicles\/flatbus\/schoolbus_leather_n.dds",
            "f3d13c69f8b7bc14"
        ],
        [
            "vehicles\/flatbus\/D2500_Tuned.png",
            "9805e919228ece93"
        ],
        [
            "vehicles\/flatbus\/flatbus.dae",
            "40f4398b4b8e40ab"
        ],
        [
            "vehicles\/flatbus\/info_D2500_Stripped.json",
            "abdb94040f3c0898"
        ],
        [
            "vehicles\/flatbus\/flatbus_hatch_n.dds",
            "a39bc29d7ace7ace"
        ],
        [
            "vehicles\/flatbus\/flatbus_windows.jbeam",
            "bc14fe92a78f1f28"
        ],
        [
            "vehicles\/flatbus\/D2500_drag_supercharger.pc",
            "737d43b4a0840fff"
        ],
        [
            "vehicles\/flatbus\/schoolbus_seat_post_n.dds",
            "0ccb849265dee1e0"
        ],
        [
            "vehicles\/flatbus\/flatbus_hatch.dds",
            "a3a0b8f8e61d4607"
        ],
        [
            "vehicles\/flatbus\/Schoolbus_leather_blue.dds",
            "cc851da120c22db7"
        ],
        [
            "vehicles\/flatbus\/flatbus_fuel_tank.jbeam",
            "24617282c82196bc"
        ],
        [
            "vehicles\/flatbus\/flatbus_wall.jbeam",
            "cc5f7a947ec7f029"
        ],
        [
            "vehicles\/flatbus\/frame_bolt_n.dds",
            "d6d07b93e86ef085"
        ],
        [
            "vehicles\/flatbus\/flatbus_supercharger_tube_n.dds",
            "199aeec6a46a06df"
        ],
        [
            "vehicles\/flatbus\/wings_d.dds",
            "34999e8bb435f7b1"
        ],
        [
            "vehicles\/flatbus\/frame_bolt_d.dds",
            "c05158e93b8501d8"
        ],
        [
            "vehicles\/flatbus\/D2500_Tuned.pc",
            "cd6a37ad82f611cc"
        ],
        [
            "vehicles\/flatbus\/flatbus_glass_d.dds",
            "ee009cee3c201494"
        ],
        [
            "vehicles\/flatbus\/flatbus_seats_d.dds",
            "fc207739d412ebf5"
        ],
        [
            "vehicles\/flatbus\/flatbus_van_seats_d.dds",
            "1362f6b9a03f11ae"
        ],
        [
            "vehicles\/flatbus\/flatbus_school_1.dds",
            "25dd1eb5a9823ee3"
        ],
        [
            "vehicles\/flatbus\/flatbus_supercharger_intake_n.dds",
            "460a80b87be47e3f"
        ],
        [
            "vehicles\/flatbus\/flatbus_passengers_L.jbeam",
            "2f70118adf70e155"
        ],
        [
            "vehicles\/flatbus\/D2500_Stock.png",
            "a3eb5647a040ea7c"
        ],
        [
            "vehicles\/flatbus\/flatbus_bumper_R.jbeam",
            "4b4c2217b9410ad6"
        ],
        [
            "vehicles\/flatbus\/schoolbus_seat_post_s.dds",
            "d33d17f754471f3b"
        ],
        [
            "vehicles\/flatbus\/flatbus_supercharger_intake_d.dds",
            "46f188053031c357"
        ],
        [
            "vehicles\/flatbus\/citybus_jato_s.dds",
            "a60db91a6ff60a3d"
        ],
        [
            "vehicles\/flatbus\/semi_radiator.jbeamsss",
            "2041fc304a142de1"
        ],
        [
            "vehicles\/flatbus\/flatbus_wheels_R.jbeam",
            "9b3254fbee586189"
        ],
        [
            "vehicles\/flatbus\/Dummy.dds",
            "44e617e6443a7288"
        ],
        [
            "vehicles\/flatbus\/semi_engine_acert_yellow.dds",
            "f8d0547ece0911a5"
        ],
        [
            "vehicles\/flatbus\/flatbus_electrics.jbeam",
            "81ae142fde6d1b4a"
        ],
        [
            "vehicles\/flatbus\/info_D2500_jato.json",
            "d46228c5e8531300"
        ],
        [
            "vehicles\/flatbus\/D2500_wings.png",
            "642de5aaf495dbdc"
        ],
        [
            "vehicles\/flatbus\/D2500_Stock.pc",
            "6151a11a54218882"
        ],
        [
            "vehicles\/flatbus\/drag_exhasut.dds",
            "d6e37dd6a96cba08"
        ],
        [
            "vehicles\/flatbus\/D2500_Stripped.png",
            "7f3de0ab071bcb0e"
        ],
        [
            "vehicles\/flatbus\/info_D2500_indestructable.json",
            "a84c0da6dfb6284f"
        ],
        [
            "vehicles\/flatbus\/flatbus_frame.jbeam",
            "25123b8483fc37ef"
        ],
        [
            "vehicles\/flatbus\/D2500_wings.pc",
            "3dc5fba6785b97a5"
        ],
        [
            "vehicles\/flatbus\/flatbus_licenseplate.jbeam",
            "f3343e76fe8e6e72"
        ],
        [
            "vehicles\/flatbus\/flatbus_suspension_F.jbeam",
            "7d823c6239a63f57"
        ],
        [
            "vehicles\/flatbus\/D2500_drag_supercharger.png",
            "2528ddb444360cf5"
        ],
        [
            "vehicles\/flatbus\/flatbus_window_holders_d.dds",
            "4f3bae075698336d"
        ],
        [
            "vehicles\/flatbus\/info_D2500_passengers_4.json",
            "cdcd0738ca3317e3"
        ],
        [
            "vehicles\/flatbus\/flatbus_c.dds",
            "3843e5b590ad1682"
        ],
        [
            "vehicles\/flatbus\/barstow_engine_v8_d.dds",
            "cd00fd15eb1caed9"
        ],
        [
            "vehicles\/flatbus\/flatbus_window_holders_s.dds",
            "886e54c7e8eff5a4"
        ],
        [
            "vehicles\/flatbus\/D2500_passengers_6.png",
            "e3c3651fad33f55d"
        ],
        [
            "vehicles\/flatbus\/inputmaps\/xidevice.json",
            "a023d97d798551ac"
        ],
        [
            "vehicles\/flatbus\/inputmaps\/keyboard.json",
            "1a352d5862691444"
        ],
        [
            "vehicles\/flatbus\/schoolbus_seat_post_c.dds",
            "1e1467d938edd85c"
        ],
        [
            "vehicles\/flatbus\/semi_engine_acert.dds",
            "7c678fef72879f7c"
        ],
        [
            "vehicles\/flatbus\/info.json",
            "a8b4d60518e0f5ad"
        ],
        [
            "vehicles\/flatbus\/flatbus_d.dds",
            "7d61388de8bdc0d2"
        ],
        [
            "vehicles\/flatbus\/citybus_jato.dae",
            "18d6cdb50fa6ee78"
        ],
        [
            "vehicles\/flatbus\/flatbus_suspension_R.jbeam",
            "c7b8a028bbe9a199"
        ],
        [
            "vehicles\/flatbus\/barstow_engine_v8_s.dds",
            "50a3b285c81aedff"
        ],
        [
            "vehicles\/flatbus\/flatbus_hydros.jbeam",
            "b4b541e4cf265a46"
        ],
        [
            "vehicles\/flatbus\/flatbus_rollcage.dds",
            "8398d41941e2abac"
        ],
        [
            "vehicles\/flatbus\/schoolbus_leather_brown.dds",
            "d8f3b123ca667ff4"
        ],
        [
            "vehicles\/flatbus\/flatbus_seats_s.dds",
            "eb49959c3a993a82"
        ],
        [
            "vehicles\/flatbus\/flatbus_s.dds",
            "6cbcd6fe45341db3"
        ],
        [
            "vehicles\/flatbus\/flatbus_mudflaps.dds",
            "a7f6f1ab00106200"
        ],
        [
            "vehicles\/flatbus\/flatbus_undercarrige.dds",
            "fe62af446ac42c22"
        ],
        [
            "vehicles\/flatbus\/D2500_drag_supercharger_luda.pc",
            "c36d85285cdcd5ff"
        ],
        [
            "vehicles\/flatbus\/D2500_tech.pc",
            "d5ce9ba9f896214e"
        ],
        [
            "vehicles\/flatbus\/flatbus_railing.dds",
            "6f1c1af50728f664"
        ],
        [
            "vehicles\/flatbus\/D2500_passengers_2.pc",
            "29af558231e9722b"
        ],
        [
            "vehicles\/flatbus\/flatbus_wings.jbeam",
            "f5820cdaf746986a"
        ],
        [
            "vehicles\/flatbus\/bus_towhitch.jbeam",
            "d8ef7a3770fb9338"
        ],
        [
            "vehicles\/flatbus\/flatbus_supercharger_tube_s.dds",
            "e8c837dad5fbfe62"
        ],
        [
            "vehicles\/flatbus\/flatbus_mirrors.jbeam",
            "7ec055adceff696d"
        ],
        [
            "vehicles\/flatbus\/semi_n2o.jbeam",
            "293a2067091a3381"
        ],
        [
            "vehicles\/flatbus\/flatbus_frame_drag.jbeam",
            "f1a56ceb4935a653"
        ],
        [
            "vehicles\/flatbus\/flatbus_seats.jbeam",
            "49a8a224e534007e"
        ],
        [
            "vehicles\/flatbus\/flatbus_drag_exhaust_d.dds",
            "c940d8146c99ca10"
        ],
        [
            "vehicles\/flatbus\/flatbus_frame.dds",
            "028d6aa65b04b009"
        ]
    ]
}