{
    "Name":"D2500",
    "Brand":"Dansworth",
	"Author":"ThreeDTech21",
	"Country":"United States",
    "Type":"Truck",
	"Body Style":"Bus",
    "Years":{"min":1996, "max":2002},
    "Derby Class":"Heavy Truck",
    "default_pc":"D2500_Tuned",
    "default_color":"Princeton Yellow",
    "colors":{
		"Princeton Yellow": "0.713 0.593 0 0.875",
        "Pearl White": "1 1 1 0.875",
        "Charcoal": "0.18 0.18 0.18 0.875",
        "Silver": "0.65 0.65 0.65 0.875",
        "Cream": "1 0.9 0.8 0.875",
        "Light Brown": "0.6 0.45 0.35 0.875",
        "Deep Earth": "0.3 0.2 0.12 0.875",
        "Jet Black": "0 0 0 0.875",
        "Burgundy": "0.5 0 0 0.875",
        "Forest Green": "0.1 0.35 0.2 0.875",
        "Seafoam Green": "0.24 0.48 0.48 0.875",
        "Sea Blue": "0.2 0.3 0.55 0.875",
        "Aquamarine": "0.15 0.35 0.6 0.875",
        "Bermuda Blue": "0.06 0.145 0.17 0.875",
        "Navy Blue": "0.0 0.05 0.25 0.875",
        "Fire Red": "1 0 0 0.875",
        "Flame Orange": "1 0.3 0 0.875"
    }
	
}