{
    "attachments": [
        {
            "data_filename": "489224.png",
            "original_filename": "default.png",
            "thumb_filename": "thumbs\/489224.jpg"
        },
        {
            "data_filename": "489225.png",
            "original_filename": "schoolbus_bulldozer.png",
            "thumb_filename": "thumbs\/489225.jpg"
        },
        {
            "data_filename": "489227.png",
            "original_filename": "schoolbus_derbyblack_offroad.png",
            "thumb_filename": "thumbs\/489227.jpg"
        }
    ],
    "resource_id": 110,
    "current_version_id": 18990,
    "download_count": 0,
    "resource_version_id": 24357,
    "version_string": "9.2",
    "last_update": 1568968786,
    "rating_avg": 4.48663,
    "rating_count": 0,
    "rating_sum": 0,
    "resource_category_id": 3,
    "resource_date": 1447448626,
    "review_count": 213,
    "tag_line": "Schoolbus based on the T-75 frame",
    "update_count": 18,
    "path": "M9PO4XEJQ\/18990\/",
    "filename": "schoolbus.zip",
    "title": "Dansworth C1500 (Type-C) Front Engine Bus",
    "user_id": 27893,
    "username": "ThreeDTech21",
    "tagid": "M9PO4XEJQ",
    "message": "[CENTER]\n[B][SIZE=6]Dansworth American School Bus D1500 Type-C Front Engine[\/SIZE][\/B]\n[ATTACH]586623[\/ATTACH]\n[ATTACH]489224[\/ATTACH] [ATTACH]489227[\/ATTACH] [ATTACH]489231[\/ATTACH] [ATTACH]489234[\/ATTACH] [ATTACH]489233[\/ATTACH] [ATTACH]498164[\/ATTACH][ATTACH]489225[\/ATTACH][ATTACH]693443[\/ATTACH][\/CENTER]\n\nThis is the Dansworth Yellow American School Bus, its built on the T-75 frame, its more powerful than it looks, it can haul up to 15 tons of additional weight. It has all the additions of a real school bus check the features below.\n\n[CENTER][U]Some Info:[\/U][\/CENTER]\n[B]TYPE C[\/B]: A Type \u201cC\u201d school bus is constructed utilizing a chassis with a hood and front fender assembly. The entrance door is behind the front wheels. A \u201ctype C school bus\u201d also includes a cutaway truck chassis or truck chassis with cab, with or without a left side door, and with a GVWR greater than 21,500 pounds.\n[CENTER][\/CENTER]\n[B][U][SIZE=6]Features:[\/SIZE][\/U][\/B]\n[LIST]\n[*]6 Different camera views\n\n[*]24 passengers\n[*]All working lights\n[*]Working doors\n[\/LIST]\n[CENTER][SIZE=5][COLOR=#ff0000][U]Controls[\/U][\/COLOR][\/SIZE]\n[ATTACH]693445[\/ATTACH] [\/CENTER]\n\n[CENTER][B][SIZE=5][COLOR=#b3b300][U]How to drive a school bus[\/U][\/COLOR][\/SIZE][\/B]\nBefore coming to a stop to pick up kids, put on your hazards\nwhen at full stop turn on you parking brake\nwait until the kids sit down\nturn off your parking brake\nturn off your hazard\nsignal left \/ check your mirrors\npull off slowly and depart : )\n\n[B][COLOR=#808080][SIZE=5][U]How to drive a Prison Bus[\/U][\/SIZE][\/COLOR][\/B]\nBefore coming to a stop to pick up inmates, put on your hazards\nwhen at full stop turn on you parking brake\nwait until the inmates are secured\nwait for police to issue a roll call\ngive the officers the approved route\nturn off your parking brake\nturn off your hazard\nsignal left \/ check your mirrors\npull off slowly and depart : )\n\n[B][COLOR=#660000][SIZE=5][U]How to drive a Derby Bus[\/U][\/SIZE][\/COLOR][\/B]\nStep on the gas\nRam any other derby bus\/car in your line of sight\nram in reverse to preserve the engine\nNever get T-Boned\nif engine shuts off, jump out and run for your life!\n[\/CENTER]",
    "category_title": "",
    "prefix_title": "",
    "via": "packed by repo on Thu, 02 Jul 2020 03:30:05 GMT",
    "hashes": [
        [
            "vehicles\/schoolbus\/schoolbus_derbyblack_offroad.jpg",
            "ab8ce8d338f4b077"
        ],
        [
            "vehicles\/schoolbus\/moonhawk_lights_dmg_n.dds",
            "8bbf12ce8ef0e7bd"
        ],
        [
            "vehicles\/schoolbus\/schoolbus_parts.dae",
            "1996d6a981f9041e"
        ],
        [
            "vehicles\/schoolbus\/semi_cab_s.dds",
            "c58fdae255aad46f"
        ],
        [
            "vehicles\/schoolbus\/schoolbus_turbochargers.jbeam",
            "190193fec7e5cbeb"
        ],
        [
            "vehicles\/schoolbus\/schoolbus_van_seats_d.dds",
            "1362f6b9a03f11ae"
        ],
        [
            "vehicles\/schoolbus\/schoolbus_intake_na.dds",
            "452a5022027ba6fb"
        ],
        [
            "vehicles\/schoolbus\/moonhawk_lights_n.dds",
            "ef95be344593d54e"
        ],
        [
            "vehicles\/schoolbus\/info_schoolbus_derbyblack_offroad.json",
            "9c242163d89a712a"
        ],
        [
            "vehicles\/schoolbus\/offroadtire_GRIP.dds",
            "4cf3fa1d531d4725"
        ],
        [
            "vehicles\/schoolbus\/semi_ramplow.jbeam",
            "fd3338e04c40cdca"
        ],
        [
            "vehicles\/schoolbus\/semi_radiator.jbeam",
            "c08759ace0337651"
        ],
        [
            "vehicles\/schoolbus\/schoolbus_tuned_2.jpg",
            "bd509786f518734e"
        ],
        [
            "vehicles\/schoolbus\/schoolbus_seat_post_n.dds",
            "0ccb849265dee1e0"
        ],
        [
            "vehicles\/schoolbus\/jato.lua",
            "bd3eb98fb354d1af"
        ],
        [
            "vehicles\/schoolbus\/semi_engine_volvo.dds",
            "867e784512da7cf2"
        ],
        [
            "vehicles\/schoolbus\/schoolbus_tires_R.jbeam",
            "f5eccc56b793dcc8"
        ],
        [
            "vehicles\/schoolbus\/wings_d.dds",
            "550ac5a50a4bf903"
        ],
        [
            "vehicles\/schoolbus\/schoolbus_passengers_L.jbeam",
            "b3565d1514792d8f"
        ],
        [
            "vehicles\/schoolbus\/semi_flywheels.jbeam",
            "90c04f128bf1c88f"
        ],
        [
            "vehicles\/schoolbus\/schoolbus.blend1",
            "6aef56da1d9052c0"
        ],
        [
            "vehicles\/schoolbus\/semi_mudflap_d.dds",
            "9140fa412901ef9a"
        ],
        [
            "vehicles\/schoolbus\/semi_interior_d.dds",
            "19a93768ea2d5aab"
        ],
        [
            "vehicles\/schoolbus\/schoolbus_d.png",
            "b05e114045e0309a"
        ],
        [
            "vehicles\/schoolbus\/semi_engine_acert.dds",
            "4e4589fcd27f1de4"
        ],
        [
            "vehicles\/schoolbus\/schoolbus_glass.jbeam",
            "bbc3920390499b98"
        ],
        [
            "vehicles\/schoolbus\/schoolbus_bulldozer_4WD.jpg",
            "ec87239ab6b7cfa4"
        ],
        [
            "vehicles\/schoolbus\/schoolbus_gastank_s.dds",
            "fae2245c5ec14b6b"
        ],
        [
            "vehicles\/schoolbus\/semi_frame_d.dds",
            "54ae2a972935daa9"
        ],
        [
            "vehicles\/schoolbus\/schoolbus_seat_post_s.dds",
            "d33d17f754471f3b"
        ],
        [
            "vehicles\/schoolbus\/schoolbus_drag.jpg",
            "4c66bc56bbdc5cc6"
        ],
        [
            "vehicles\/schoolbus\/schoolbus_skin_dozer.dds",
            "b248a7f3244860d1"
        ],
        [
            "vehicles\/schoolbus\/schoolbus_lights_dmg_d.dds",
            "797c8df99794d209"
        ],
        [
            "vehicles\/schoolbus\/schoolbus_van_seats_s.dds",
            "c09d1d7f462a765a"
        ],
        [
            "vehicles\/schoolbus\/schoolbus_prison.pc",
            "28b97b16990c0876"
        ],
        [
            "vehicles\/schoolbus\/schoolbus_frame_6x6.jbeam",
            "b360c2bc1074df6e"
        ],
        [
            "vehicles\/schoolbus\/semi_interior_n.dds",
            "3ee2d2ad0910dc15"
        ],
        [
            "vehicles\/schoolbus\/schoolbus_hood_types.jbeam",
            "5341fd12aaf96138"
        ],
        [
            "vehicles\/schoolbus\/schoolbus.jbeam",
            "0e60cb60aff1a829"
        ],
        [
            "vehicles\/schoolbus\/schoolbus_parts.blend1",
            "740ead87066367e6"
        ],
        [
            "vehicles\/schoolbus\/van_gauges_n.dds",
            "2ee6b0329a51e176"
        ],
        [
            "vehicles\/schoolbus\/van_gauges_d.dds",
            "685b65b538a5323b"
        ],
        [
            "vehicles\/schoolbus\/van_gauges_s.dds",
            "0913c645f5da943f"
        ],
        [
            "vehicles\/schoolbus\/schoolbus_wings.jbeam",
            "cabe5b22aa292a3f"
        ],
        [
            "vehicles\/schoolbus\/offroadtire_01a_d.dds",
            "16b6de2153cb7c47"
        ],
        [
            "vehicles\/schoolbus\/schoolbus_tuned_6.pc",
            "645e16965e81a830"
        ],
        [
            "vehicles\/schoolbus\/lua\/controller\/jato.lua",
            "bd3eb98fb354d1af"
        ],
        [
            "vehicles\/schoolbus\/lua\/controller\/bomb.lua",
            "ac16c7d5b5f42474"
        ],
        [
            "vehicles\/schoolbus\/lua\/controller\/roscosmos.lua",
            "caf1f8d3e6e8d994"
        ],
        [
            "vehicles\/schoolbus\/lua\/controller\/bus.lua",
            "f41cb88f67d697e4"
        ],
        [
            "vehicles\/schoolbus\/info_schoolbus_wings.json",
            "2775255afac47689"
        ],
        [
            "vehicles\/schoolbus\/schoolbus_engine_6x6.jbeam",
            "130c61fe36c1e542"
        ],
        [
            "vehicles\/schoolbus\/schoolbus_transmission_drag.jbeam",
            "f76575a22f7dc135"
        ],
        [
            "vehicles\/schoolbus\/schoolbus_offroad.jpg",
            "2ac36a356b1e4702"
        ],
        [
            "vehicles\/schoolbus\/schoolbus_lights_g.dds",
            "291e4cc06e7df1f5"
        ],
        [
            "vehicles\/schoolbus\/semi_cab_c.dds",
            "5985424ab716324e"
        ],
        [
            "vehicles\/schoolbus\/schoolbus_beacon_light.jbeam",
            "a782b5c1dda38577"
        ],
        [
            "vehicles\/schoolbus\/schoolbus_skin_schoolplain.dds",
            "df01eee0bebeb50c"
        ],
        [
            "vehicles\/schoolbus\/wings_s.dds",
            "f8682685950f1665"
        ],
        [
            "vehicles\/schoolbus\/schoolbus_indest.jbeam",
            "24b45678b73dab1d"
        ],
        [
            "vehicles\/schoolbus\/semi_gauges_d.dds",
            "6e504cd02ac1a78d"
        ],
        [
            "vehicles\/schoolbus\/schoolbus_bumpers.dds",
            "f74e934bbf0e9371"
        ],
        [
            "vehicles\/schoolbus\/moonhawk_lights_d.dds",
            "b01e63e42461325e"
        ],
        [
            "vehicles\/schoolbus\/schoolbus_dashboard.dds",
            "c2f5e8b3f54364f1"
        ],
        [
            "vehicles\/schoolbus\/schoolbus_differentails.jbeam",
            "f1d0a3bdb7ba4166"
        ],
        [
            "vehicles\/schoolbus\/schoolbus_glass_d.dds",
            "4dc3b324d145cc97"
        ],
        [
            "vehicles\/schoolbus\/schoolbus_indest",
            "9cf82d0ff2f61002"
        ],
        [
            "vehicles\/schoolbus\/schoolbus_derbyred.jpg",
            "e182bf6912c69427"
        ],
        [
            "vehicles\/schoolbus\/schoolbus_transmission_6x6.jbeam",
            "99aedd3b104f0382"
        ],
        [
            "vehicles\/schoolbus\/wall_s.dds",
            "698b41f0cd63f776"
        ],
        [
            "vehicles\/schoolbus\/info_schoolbus_drift_missle_offroad.json",
            "2084e73c1ca95d43"
        ],
        [
            "vehicles\/schoolbus\/info_schoolbus_offroad.json",
            "eee903edcc2fdc64"
        ],
        [
            "vehicles\/schoolbus\/semi_powertrain_final_drives_R.jbeam",
            "d145b598df8d1f22"
        ],
        [
            "vehicles\/schoolbus\/schoolbus_skin_drag_uv1.dds",
            "6daa546279c57aea"
        ],
        [
            "vehicles\/schoolbus\/schoolbus_glass_da.dds",
            "4dc3b324d145cc97"
        ],
        [
            "vehicles\/schoolbus\/schoolbus_dashboard.jbeam",
            "e1022461085157c6"
        ],
        [
            "vehicles\/schoolbus\/schoolbus_tuned.jpg",
            "67c54fd240fe7ad4"
        ],
        [
            "vehicles\/schoolbus\/schoolbus_tuned_2.pc",
            "6bc63ba14135ce90"
        ],
        [
            "vehicles\/schoolbus\/schoolbus_differentails_offroad.jbeam",
            "26546117f5567b06"
        ],
        [
            "vehicles\/schoolbus\/schoolbus_doors.jbeam",
            "5326f67dd0aa29f3"
        ],
        [
            "vehicles\/schoolbus\/default.jpg",
            "45f77a22131e3322"
        ],
        [
            "vehicles\/schoolbus\/schoolbus_stripped.pc",
            "e98ecd37bbc29ced"
        ],
        [
            "vehicles\/schoolbus\/info_schoolbus_tuned_4.json",
            "406558a0ad36920a"
        ],
        [
            "vehicles\/schoolbus\/schoolbus_bulldozer_AWD.pc",
            "d3e2852d28f23c93"
        ],
        [
            "vehicles\/schoolbus\/schoolbus_lights_dmg_s.dds",
            "1151a9acdc51822f"
        ],
        [
            "vehicles\/schoolbus\/schoolbus_leather_brown.dds",
            "fb3e376726b93905"
        ],
        [
            "vehicles\/schoolbus\/schoolbus_normal.dds",
            "a626598eec03d7cb"
        ],
        [
            "vehicles\/schoolbus\/schoolbus_body.jbeam",
            "2d0d06f3def12d88"
        ],
        [
            "vehicles\/schoolbus\/schoolbus_dual.blend1",
            "2252708e1d94624c"
        ],
        [
            "vehicles\/schoolbus\/schoolbus_rollcage.jbeam",
            "d0057318097b4b03"
        ],
        [
            "vehicles\/schoolbus\/schoolbus_drift_rear_offroad.pc",
            "bd20de34770821e9"
        ],
        [
            "vehicles\/schoolbus\/semi_mudflap_s.dds",
            "fed755c102fc2edb"
        ],
        [
            "vehicles\/schoolbus\/semi_tires_R.jbeam",
            "f243797fb4e680e9"
        ],
        [
            "vehicles\/schoolbus\/semi_frame_s.dds",
            "e98cf3bc1d46b93c"
        ],
        [
            "vehicles\/schoolbus\/info_schoolbus_drift_jato.json",
            "44c9183907b148f1"
        ],
        [
            "vehicles\/schoolbus\/schoolbus_strap_c.dds",
            "15af68445844279b"
        ],
        [
            "vehicles\/schoolbus\/schoolbus_engine_offroad.jbeam",
            "2f8dca37551b6f75"
        ],
        [
            "vehicles\/schoolbus\/schoolbus_drift_jato.pc",
            "cea29a7e3ff4c4fd"
        ],
        [
            "vehicles\/schoolbus\/schoolbus_dual_exhaust_d.dds",
            "c16356b7a05b379c"
        ],
        [
            "vehicles\/schoolbus\/semi_engine_d.dds",
            "4cd921245459cac3"
        ],
        [
            "vehicles\/schoolbus\/schoolbus_driver.jbeam",
            "58ba6767f8f92373"
        ],
        [
            "vehicles\/schoolbus\/schoolbus_exhaust_straight_d.dds",
            "c1b2673630420576"
        ],
        [
            "vehicles\/schoolbus\/schoolbus_transmission.jbeam",
            "7ac5ab075e7dc6ac"
        ],
        [
            "vehicles\/schoolbus\/schoolbus_s.dds",
            "cd35d11e5c0fe20d"
        ],
        [
            "vehicles\/schoolbus\/schoolbus_strap_s.dds",
            "c4aa9f77370d30ed"
        ],
        [
            "vehicles\/schoolbus\/input_actions.json",
            "b5a00fd6f8d25a8c"
        ],
        [
            "vehicles\/schoolbus\/schoolbus_mirrors.jbeam",
            "276862ffda77b952"
        ],
        [
            "vehicles\/schoolbus\/Stig_normal.dds",
            "994984ed463cfc39"
        ],
        [
            "vehicles\/schoolbus\/info_schoolbus_tuned_2.json",
            "291d2f3b58b7cb47"
        ],
        [
            "vehicles\/schoolbus\/schoolbus_bumper_R.jbeam",
            "bff4f0c7b6fd6603"
        ],
        [
            "vehicles\/schoolbus\/wall.dae",
            "36f918f0f385ccd3"
        ],
        [
            "vehicles\/schoolbus\/schoolbus_lights_n.dds",
            "145adc883ad23d53"
        ],
        [
            "vehicles\/schoolbus\/wings_n.dds",
            "99f5d99e0f816680"
        ],
        [
            "vehicles\/schoolbus\/schoolbus_tuned.pc",
            "6e327a28db95d672"
        ],
        [
            "vehicles\/schoolbus\/schoolbus_gastank.dds",
            "e85433d5f73f7536"
        ],
        [
            "vehicles\/schoolbus\/schoolbus_frame_dual_d.dds",
            "64e494499edc485d"
        ],
        [
            "vehicles\/schoolbus\/schoolbus_dual.dae",
            "cb1d5203adbc0034"
        ],
        [
            "vehicles\/schoolbus\/van_interior_n.dds",
            "d70f81966c10134f"
        ],
        [
            "vehicles\/schoolbus\/schoolbus_driver_race.jbeam",
            "1388a06e720d6a46"
        ],
        [
            "vehicles\/schoolbus\/schoolbus_leather_grey.dds",
            "42c4454dc40d804b"
        ],
        [
            "vehicles\/schoolbus\/schoolbus_passengers_R.jbeam",
            "8cbb6030d43ea478"
        ],
        [
            "vehicles\/schoolbus\/schoolbus_drift_jato.jpg",
            "52bcaf891fa09ec1"
        ],
        [
            "vehicles\/schoolbus\/moonhawk_lights_s.dds",
            "2a59fcc305fe16dc"
        ],
        [
            "vehicles\/schoolbus\/semi_n2o.jbeam",
            "293a2067091a3381"
        ],
        [
            "vehicles\/schoolbus\/schoolbus_passengers_L_seatbelt.jbeam",
            "eb5be57dabbbf50d"
        ],
        [
            "vehicles\/schoolbus\/Info_schoolbus_bulldozer_AWD.json",
            "b4d73277dbd2b5c1"
        ],
        [
            "vehicles\/schoolbus\/schoolbus_body_6x6.jbeam",
            "369e38bee5144e0b"
        ],
        [
            "vehicles\/schoolbus\/schoolbus_prison.jpg",
            "68748c0608785dea"
        ],
        [
            "vehicles\/schoolbus\/semi_interior_s.dds",
            "ba238eacb89e0290"
        ],
        [
            "vehicles\/schoolbus\/Info_schoolbus_bulldozer_4WD.json",
            "9cc895a0868d5a90"
        ],
        [
            "vehicles\/schoolbus\/moonhawk_lights_g.dds",
            "ff8556d0bce3d3b6"
        ],
        [
            "vehicles\/schoolbus\/semi_gauges_n.dds",
            "2b875072bde403e7"
        ],
        [
            "vehicles\/schoolbus\/info_schoolbus_drag.json",
            "702d9734249426c4"
        ],
        [
            "vehicles\/schoolbus\/Stig_helmet.dds",
            "1137970260272949"
        ],
        [
            "vehicles\/schoolbus\/schoolbus.dae",
            "420078c965f86aa8"
        ],
        [
            "vehicles\/schoolbus\/Info_schoolbus_bulldozer_AWD_plow.json",
            "b886f1cd262c68eb"
        ],
        [
            "vehicles\/schoolbus\/semi_wheels_R.jbeam",
            "1fbc8be3dbb2311d"
        ],
        [
            "vehicles\/schoolbus\/schoolbus_seat_post_c.dds",
            "1e1467d938edd85c"
        ],
        [
            "vehicles\/schoolbus\/schoolbus_silver_s.dds",
            "6a0b702ccef08118"
        ],
        [
            "vehicles\/schoolbus\/schoolbus_strap_n.dds",
            "52037eaef36848f3"
        ],
        [
            "vehicles\/schoolbus\/van_interior_d.dds",
            "b5fc4ec32b56b7a9"
        ],
        [
            "vehicles\/schoolbus\/schoolbus_tires_F.jbeam",
            "d543f81bc417cdac"
        ],
        [
            "vehicles\/schoolbus\/semi_engine_n.dds",
            "9805a838e407a06d"
        ],
        [
            "vehicles\/schoolbus\/schoolbus_wings.jpg",
            "175b03889352837f"
        ],
        [
            "vehicles\/schoolbus\/schoolbus_leather_blue.dds",
            "5b7225f5a20f5187"
        ],
        [
            "vehicles\/schoolbus\/schoolbus_wheels_F.jbeam",
            "c59032329adb1781"
        ],
        [
            "vehicles\/schoolbus\/schoolbus_engbaycrap1.dds",
            "a28151c269aed98a"
        ],
        [
            "vehicles\/schoolbus\/wall.jbeam",
            "cd86008416a7a335"
        ],
        [
            "vehicles\/schoolbus\/materials.cs",
            "ed1b1d72af1f4d71"
        ],
        [
            "vehicles\/schoolbus\/schoolbus_derbyred.pc",
            "25e56a2f968cf673"
        ],
        [
            "vehicles\/schoolbus\/schoolbus_licenseplate.jbeam",
            "67b0c9295f8cf1f1"
        ],
        [
            "vehicles\/schoolbus\/schoolbus_skin_derbyred.dds",
            "1ab3b58c5268dba2"
        ],
        [
            "vehicles\/schoolbus\/schoolbus_brakes.jbeam",
            "9dad4b780f24ced9"
        ],
        [
            "vehicles\/schoolbus\/schoolbus_seats.jbeam",
            "571694b638873f3a"
        ],
        [
            "vehicles\/schoolbus\/schoolbus_frame_d.dds",
            "ba50f0ca0ccd18eb"
        ],
        [
            "vehicles\/schoolbus\/Stig.dds",
            "9a72d163d5a665c3"
        ],
        [
            "vehicles\/schoolbus\/schoolbus_bulldozer_AWD_plow.pc",
            "e1a45e59ddb8fbf4"
        ],
        [
            "vehicles\/schoolbus\/schoolbus_exhaust_quad_d.dds",
            "f0fde0c8a3fac65a"
        ],
        [
            "vehicles\/schoolbus\/schoolbus_skin_school.dds",
            "b3715ff6832ada03"
        ],
        [
            "vehicles\/schoolbus\/citybus_jato.dae",
            "18d6cdb50fa6ee78"
        ],
        [
            "vehicles\/schoolbus\/schoolbus_suspension_F.jbeam",
            "0b0d17ecaeb89004"
        ],
        [
            "vehicles\/schoolbus\/schoolbus_suspension_R.jbeam",
            "4c67a7edd5afc761"
        ],
        [
            "vehicles\/schoolbus\/schoolbus_lights_d.dds",
            "7dc214c50123c417"
        ],
        [
            "vehicles\/schoolbus\/info_schoolbus_stripped.json",
            "602e68e6024ab105"
        ],
        [
            "vehicles\/schoolbus\/semi_turbo_ultra_n.dds",
            "7947084f6c766e98"
        ],
        [
            "vehicles\/schoolbus\/info.json",
            "37c4c40ca0fb7f8d"
        ],
        [
            "vehicles\/schoolbus\/info_schoolbus_drift_rear_offroad.json",
            "0a71de70bd83398c"
        ],
        [
            "vehicles\/schoolbus\/van_interior_s.dds",
            "dd75547ceff59be6"
        ],
        [
            "vehicles\/schoolbus\/semi_mudflaps.jbeam",
            "1ac735b7c1ec7d5d"
        ],
        [
            "vehicles\/schoolbus\/citybus_jato.jbeam",
            "652c02e1977c881d"
        ],
        [
            "vehicles\/schoolbus\/schoolbus_prison_bars.dds",
            "6cf8a7dacd071b10"
        ],
        [
            "vehicles\/schoolbus\/semi_brakes.jbeam",
            "d14acbf72a1748f3"
        ],
        [
            "vehicles\/schoolbus\/schoolbus_drag.pc",
            "5b288f4f21542aba"
        ],
        [
            "vehicles\/schoolbus\/schoolbus_bulldozer_AWD.jpg",
            "fef47099fd51ae76"
        ],
        [
            "vehicles\/schoolbus\/info_schoolbus_tuned.json",
            "6f54a7c42846146f"
        ],
        [
            "vehicles\/schoolbus\/schoolbus_ehatch1.dds",
            "7d7a3bdde59c5cbf"
        ],
        [
            "vehicles\/schoolbus\/semi_turbo_ultra.dds",
            "35b28bea75b111f7"
        ],
        [
            "vehicles\/schoolbus\/schoolbus_exhaust_straight_s.dds",
            "8e91f2d043a3eca9"
        ],
        [
            "vehicles\/schoolbus\/schoolbus_wings.pc",
            "e09a3a3f5f9ef6d2"
        ],
        [
            "vehicles\/schoolbus\/schoolbus_tuned_4.pc",
            "e6f9ad13fe974b2b"
        ],
        [
            "vehicles\/schoolbus\/van_gauges_g.dds",
            "acbba15064998ebf"
        ],
        [
            "vehicles\/schoolbus\/schoolbus_police_ram.dds",
            "67bcd3caf7bd3f7a"
        ],
        [
            "vehicles\/schoolbus\/van_seats_n.dds",
            "32c0a8ec1743eb61"
        ],
        [
            "vehicles\/schoolbus\/info_schoolbus_drag_luda.json",
            "9589856f13662873"
        ],
        [
            "vehicles\/schoolbus\/schoolbus_standard.pc",
            "59b9621785b04ea8"
        ],
        [
            "vehicles\/schoolbus\/schoolbus_drift_missle_offroad.jpg",
            "7affac617d3fe8b3"
        ],
        [
            "vehicles\/schoolbus\/schoolbus_dual_d.png",
            "bad67fa1863cf1d4"
        ],
        [
            "vehicles\/schoolbus\/schoolbus_transmission_offroad.jbeam",
            "3c9c4c90d3971200"
        ],
        [
            "vehicles\/schoolbus\/schoolbus_standard.jpg",
            "45f77a22131e3322"
        ],
        [
            "vehicles\/schoolbus\/schoolbus_bulldozer_AWD_plow.jpg",
            "0ee854fbe1160100"
        ],
        [
            "vehicles\/schoolbus\/schoolbus_drag.blend",
            "ea4f1d66559abf7d"
        ],
        [
            "vehicles\/schoolbus\/Stig_visor.dds",
            "de94021fc91ce44b"
        ],
        [
            "vehicles\/schoolbus\/schoolbus_dual_skin_dozer.dds",
            "c5cbc40690f7b383"
        ],
        [
            "vehicles\/schoolbus\/schoolbus_bulldozer_4WD.pc",
            "689176d839d54eb7"
        ],
        [
            "vehicles\/schoolbus\/schoolbus_grille.dds",
            "fccbd5b45843b57f"
        ],
        [
            "vehicles\/schoolbus\/schoolbus_rollcage_d.dds",
            "adb9971268c00d11"
        ],
        [
            "vehicles\/schoolbus\/schoolbus_glass_dmg.dds",
            "825308022e7dec20"
        ],
        [
            "vehicles\/schoolbus\/schoolbus_van_seats_n.dds",
            "32c0a8ec1743eb61"
        ],
        [
            "vehicles\/schoolbus\/schoolbus_frame_offroad_d.dds",
            "43759ce3b068d317"
        ],
        [
            "vehicles\/schoolbus\/wall_d.dds",
            "960fd823ed3b883e"
        ],
        [
            "vehicles\/schoolbus\/schoolbus_skin_derbyblack.dds",
            "b403abd3f2b27165"
        ],
        [
            "vehicles\/schoolbus\/schoolbus_dual.blend",
            "56c7dbc47ebb1630"
        ],
        [
            "vehicles\/schoolbus\/van_seats_s.dds",
            "c09d1d7f462a765a"
        ],
        [
            "vehicles\/schoolbus\/schoolbus_c.dds",
            "c157215fd8895902"
        ],
        [
            "vehicles\/schoolbus\/citybus_jato_d.dds",
            "9489e4670e0196d5"
        ],
        [
            "vehicles\/schoolbus\/info_schoolbus_standard.json",
            "9444685194d9fbe0"
        ],
        [
            "vehicles\/schoolbus\/offroadtire_PREMIUM.dds",
            "354ced36677f64d2"
        ],
        [
            "vehicles\/schoolbus\/schoolbus_wheels_R.jbeam",
            "17ac3e1c76b75e47"
        ],
        [
            "vehicles\/schoolbus\/schoolbus_extreme.dae",
            "549d8c96a27d6d78"
        ],
        [
            "vehicles\/schoolbus\/schoolbus_parts.jbeam",
            "a24f9a98aa912c00"
        ],
        [
            "vehicles\/schoolbus\/schoolbus_tuned_6.jpg",
            "0e3cd1d8dea71099"
        ],
        [
            "vehicles\/schoolbus\/citybus_jato_r.dds",
            "2ec7121710a16b57"
        ],
        [
            "vehicles\/schoolbus\/schoolbus_leather_n.dds",
            "2bca33da89ffb4ff"
        ],
        [
            "vehicles\/schoolbus\/schoolbus_skin_derbyblue.dds",
            "9e20d93f176282eb"
        ],
        [
            "vehicles\/schoolbus\/info_schoolbus_prison.json",
            "be439a3a22588f8c"
        ],
        [
            "vehicles\/schoolbus\/schoolbus_lights_s.dds",
            "6a0b702ccef08118"
        ],
        [
            "vehicles\/schoolbus\/schoolbus_exhaust_system.jbeam",
            "2949eda13a2a7b79"
        ],
        [
            "vehicles\/schoolbus\/schoolbus_driveshaft_d.dds",
            "fbaa3f8c564f08e5"
        ],
        [
            "vehicles\/schoolbus\/schoolbus_lights_dmg_n.dds",
            "e6fe3e6adeed2720"
        ],
        [
            "vehicles\/schoolbus\/schoolbus_exhaust_quad_s.dds",
            "0c83e84d5d05a4f1"
        ],
        [
            "vehicles\/schoolbus\/schoolbus_offroad.pc",
            "f5ba5655f9da6ee5"
        ],
        [
            "vehicles\/schoolbus\/schoolbus_frame_offroad.jbeam",
            "f7430ba83f95b973"
        ],
        [
            "vehicles\/schoolbus\/info_schoolbus_tuned_6.json",
            "4d2184bc7767a482"
        ],
        [
            "vehicles\/schoolbus\/schoolbus_skin_prison.dds",
            "d3c96f5a9bcc69b0"
        ],
        [
            "vehicles\/schoolbus\/schoolbus_drag.dae",
            "f68ce42291f7632c"
        ],
        [
            "vehicles\/schoolbus\/schoolbus_skin_drift.dds",
            "6eea6370d1ad1961"
        ],
        [
            "vehicles\/schoolbus\/schoolbus.blend",
            "6e2eb9eafd4881a8"
        ],
        [
            "vehicles\/schoolbus\/schoolbus_stripped.jpg",
            "42ce489d1da318b9"
        ],
        [
            "vehicles\/schoolbus\/citybus_jato_s.dds",
            "a60db91a6ff60a3d"
        ],
        [
            "vehicles\/schoolbus\/semi_fueltanks.jbeam",
            "a1f67dbd7fdf4f00"
        ],
        [
            "vehicles\/schoolbus\/moonhawk_lights_dmg_d.dds",
            "cab418df266c8e25"
        ],
        [
            "vehicles\/schoolbus\/semi_cab_d.dds",
            "478bb3697a5b2030"
        ],
        [
            "vehicles\/schoolbus\/schoolbus_parts.blend",
            "7696d89eb86bfacd"
        ],
        [
            "vehicles\/schoolbus\/schoolbus_engine.jbeam",
            "d3134189d3a83e02"
        ],
        [
            "vehicles\/schoolbus\/semi_engine_s.dds",
            "5b10264f58220909"
        ],
        [
            "vehicles\/schoolbus\/schoolbus_frame_drag.jbeam",
            "dec156d49e9b0dc9"
        ],
        [
            "vehicles\/schoolbus\/semi_mudflap_n.dds",
            "b6b3671f261a2ed3"
        ],
        [
            "vehicles\/schoolbus\/van_seats_d.dds",
            "1362f6b9a03f11ae"
        ],
        [
            "vehicles\/schoolbus\/semi_frame_n.dds",
            "4726440b7b1a1d41"
        ],
        [
            "vehicles\/schoolbus\/schoolbus_derbyblack_offroad.pc",
            "a6ce2d5ee4d3bd33"
        ],
        [
            "vehicles\/schoolbus\/semi_gauges_s.dds",
            "a0d400ba2ab5c552"
        ],
        [
            "vehicles\/schoolbus\/schoolbus_tuned_4.jpg",
            "e39e9370ac607868"
        ],
        [
            "vehicles\/schoolbus\/schoolbus_dual_exhaust_s.dds",
            "1b8c6d8b94712313"
        ],
        [
            "vehicles\/schoolbus\/citybus_jato_n.dds",
            "52be7d87967255b5"
        ],
        [
            "vehicles\/schoolbus\/schoolbus_suspension_R_6x6.jbeam",
            "9153f058028b37a5"
        ],
        [
            "vehicles\/schoolbus\/semi_turbo_ultra_s.dds",
            "a2224bcebae770c4"
        ],
        [
            "vehicles\/schoolbus\/schoolbus_drag_luda.pc",
            "10a4111bd7a11583"
        ],
        [
            "vehicles\/schoolbus\/schoolbus_drift_rear_offroad.jpg",
            "e3cf615e335f4a13"
        ],
        [
            "vehicles\/schoolbus\/Dummy.dds",
            "44e617e6443a7288"
        ],
        [
            "vehicles\/schoolbus\/moonhawk_lights_dmg_s.dds",
            "4877f21969790993"
        ],
        [
            "vehicles\/schoolbus\/schoolbus_hood.jbeam",
            "3021e9861ae10742"
        ],
        [
            "vehicles\/schoolbus\/schoolbus_passengers_R_seatbelt.jbeam",
            "7770f35867fa5745"
        ],
        [
            "vehicles\/schoolbus\/inputmaps\/xidevice.json",
            "a023d97d798551ac"
        ],
        [
            "vehicles\/schoolbus\/inputmaps\/keyboard.json",
            "c752c2866bed535d"
        ],
        [
            "vehicles\/schoolbus\/wall_n.dds",
            "b6bb04a61af50374"
        ],
        [
            "vehicles\/schoolbus\/schoolbus_reflectors.dds",
            "5ee25a9bdbe966cb"
        ],
        [
            "vehicles\/schoolbus\/schoolbus_bumper_F.jbeam",
            "a38e0a188a99941a"
        ],
        [
            "vehicles\/schoolbus\/schoolbus_frame.jbeam",
            "71738bc4161f9b54"
        ],
        [
            "vehicles\/schoolbus\/semi_cab_n.dds",
            "5b46e9eb8720ef16"
        ],
        [
            "vehicles\/schoolbus\/schoolbus_n.dds",
            "68c3a70e15a6a20b"
        ],
        [
            "vehicles\/schoolbus\/info_schoolbus_derbyred.json",
            "74fc3d767c042ab0"
        ],
        [
            "vehicles\/schoolbus\/dummy.dae",
            "5d3c1c22db2e7169"
        ],
        [
            "vehicles\/schoolbus\/schoolbus_drag_luda.jpg",
            "0bb5d9fe97106380"
        ],
        [
            "vehicles\/schoolbus\/schoolbus_body_offroad.jbeam",
            "af27342990e7d602"
        ],
        [
            "vehicles\/schoolbus\/schoolbus_drift_missle_offroad.pc",
            "785b091a010229c0"
        ],
        [
            "vehicles\/schoolbus\/semi_transmission.jbeam",
            "a03fd5099cd2b5c2"
        ]
    ]
}