{
"Configuration":"Off-Road (4WD)", 

"Description":"770hp engine, 2250 lbs torque. 2 foot lifted custom schoolbus frame by DriftTech, 45 inch off-road tires, custom front differential, preimuim brakes and Off-Road Ram Bar.",

"Drivetrain":"4WD",
"Transmission":"Manual",
"Performance Class":"4",
"Value":26000,
"Weight":11960.777,


"Torque":3061.436927238,
"TorquePeakRPM":"1500 - 1580",
"Power":781,
"PowerPeakRPM":"2200 - 2400",
"0-60 mph":13.17,
"Top Speed":51.8566
"Off-Road Score":72,
}