{
"Configuration":"DRIVER + 4 PASSENGERS",

"Description":"477hp engine, 1467 lbs torque. Factory performance tuned bus with a T600 Turbo, Premium brakes and Beacon Light. Built for mountainous terrain, it has extra hp for steep hills and premium brakes for steep descents.",

"Drivetrain":"RWD",
"Transmission":"Manual",
"Performance Class":"3",
"Value":24004,
"Weight":12215.696,


"Torque":1988.984930141,
"TorquePeakRPM":"1400 - 1550",
"Power":484,
"PowerPeakRPM":"2100 - 2200",
"0-60 mph":22,
"Top Speed":37.9984
"Off-Road Score":25,
}