{
"Configuration":"6x6 Bulldozer (6WD) Power", 

"Description":"15,000hp (Caterpillar Acert 32) V12 Drag Race Engine, outputing 50,000lbs of torque! 6x6 dual rear axle for superior traction, 12.5 tons of traction weights added to prevent wheel slip while bulldozing.",

"Drivetrain":"4WD",
"Transmission":"Automatic",
"Performance Class":"7",
"Value":140000,
"Weight":10991.45,


"Torque":3884.41842185,
"TorquePeakRPM":"1000 - 1280",
"Power":"781",
"PowerPeakRPM":"2300 - 2500",
"0-60 mph":13.77,
"Top Speed":52.7507
"Off-Road Score":62,
}