{
    "Name":"C1500",
    "Brand":"Dansworth",
    "Author":"BeamNG, ThreeDTech21",
    "Country":"USA",
    "Performance Class":"1",
    "Body Style":"Bus",
    "Type":"Truck",
    "Derby Class":"Heavy Truck",
    "Years":{"min":2001, "max":2007},
    "default_color":"",
    "default_pc":"schoolbus_standard",
        "colors":{
        "Pearl White": "1 1 1 1.4",
        "Charcoal": "0.18 0.18 0.18 1.4",
        "Silver": "0.65 0.65 0.65 1.4",
        "Gray": "0.5 0.5 0.5 1.4",
        "Carbon Gray": "0.33 0.33 0.33 1.4",
        "Elite Gray": "0.41 0.43 0.43 1.65",
        "Cream": "1 0.9 0.8 1.4",
        "Dusted Mica": "0.6 0.45 0.35 1.4",
        "Medallion Gold": "0.74 0.55 0.0 1.4",
        "Chestnut": "0.3 0.2 0.12 1.4",
        "Pure Black": "0 0 0 1.4",
        "Burgundy": "0.5 0 0 1.4",
        "Maroon": "0.3 0.03 0.05 1.4",
        "Sunset": "0.6 0.2 0.1 1.4",
        "Clay Red": "0.45 0.28 0.233 1.4",
        "Aquamarine": "0.15 0.35 0.6 1.4",
        "Moonlight": "0.09 0.05 0.11 1.4",
        "Forest Green": "0.1 0.35 0.2 1.4",
        "Seafoam Green": "0.24 0.48 0.48 1.4",
        "Shale Green": "0.22 0.27 0.23 1.4",
        "Verdant Green": "0.21 0.55 0.11 1.4",
        "Opal Green": "0.22 0.37 0.33 1.4",
        "Seaside Blue": "0.2 0.3 0.5 1.4",
        "Azure Blue": "0.1 0.2 0.4 1.4",
        "Royal Blue": "0.0 0.1 0.42 1.4",
        "Navy Blue": "0.0 0.05 0.25 1.4",
        "Bermuda Blue": "0.06 0.145 0.17 1.4",
        "Brilliant Blue": "0.08 0.36 0.75 1.4",
        "Fire Red": "1 0 0 1.4",
        "Scarlet Red": "0.68 0.1 0.11 1.4",
        "Flame Orange": "1 0.3 0 1.4",
        "Fiesta Yellow": "0.8 0.7 0.1 1.4",
        "Citrus Orange": "0.9 0.58 0.1 1.4",
        "Flare Orange": "0.83 0.28 0.03 1.4",
        "Solar Yellow": "0.95 0.7 0.1 1.4",
        "Straw Yellow": "0.895 0.674 0.225 1.4",
        "Sky Blue": "0.14 0.62 0.92 1.4",
        "Clementine": "1 0.493 0.196 1.4",
        "Chrome": "0.5 0.5 0.5 0.00001",
        "Mist Blue": "0.6 0.76 0.88 1.4"
    }
}