{
"Configuration":"Drift Missle Extreme (4WD)",

"Description":"1586hp (Caterpillar Acert 32) Engine, 4330lbs torque. DriftTech's most ambitious project: Turn a 25,000lbs school bus into a drift machine. 2 foot lifted custom schoolbus frame by DriftTech, AWD, 45 inch DriftTech Tire setup produce effortless drifts.",

"Drivetrain":"AWD",
"Transmission":"Automatic",
"Performance Class":"7",
"Value":40000,
"Weight":10836,


"Torque":5870.691716094,
"TorquePeakRPM":"1003 - 1020",
"Power":1590,
"PowerPeakRPM":"2250 - 2400",
"0-60 mph":10.7,
"Top Speed":50.9626
"Off-Road Score":25,
}