{
"Configuration":"Stripped",

"Description":"124hp engine, 347 lbs torque. Factory stripped, no seats, no turbo (naturally asperated), no rear brakes. This model is sold cheap and ready to be customized for public or private use.",

"Drivetrain":"RWD",
"Transmission":"Manual",
"Performance Class":"2",
"Value":12000,
"Weight":31395,


"Torque":470.468828056,
"TorquePeakRPM":"1500 - 1580",
"Power":126,
"PowerPeakRPM":"2300 - 2500",
"0-60 mph":58.0,
"Top Speed":22
"Off-Road Score":16,
}