{

"Configuration":"State Prison",

"Description":"367hp engine, 1300 lbs torque. Outfitted with State Prison hardware for prisoner transport, T400 Turbo, Premium brakes, custom prison bar and Bumper Ram set. This model is for prison transport.",

"Drivetrain":"RWD",
"Transmission":"Manual",
"Performance Class":"3",
"Value":25000,
"Weight":12215.696,


"Torque":1762.563332776,
"TorquePeakRPM":"1400 - 1550",
"Power":372,
"PowerPeakRPM":"1800 - 2000",
"0-60 mph":29,
"Top Speed":35.3162
"Off-Road Score":22,
}