{
"bindings" :   [
	{
    "control"           : "m"             , 
    "action"            : "toggle_StopSign"             
    },
	{
    "control"           : "m"             , 
    "action"            : "toggle_WalkGuard"             
    },	
    {
    "control"           : "m"            , 
    "action"            : "toggle_FrontDoors"            
    }, 
    {
    "control"           : "k"             , 
    "action"            : "toggle_RearDoor"             
    },
	{
    "control"           : "v"             , 
    "action"            : "toggle_HatchVent"             
    },
	
	
	
	
	
	{
    "control"           : "t"             , 
    "action"            : "elevator_up"             
    },	
    {
    "control"           : "g"            , 
    "action"            : "elevator_down"            
    }, 
    {
    "control"           : "h"             , 
    "action"            : "aileron_right"             
    },
	{
    "control"           : "f"             , 
    "action"            : "aileron_left"             
    },
	{
        "control"       : "b"          , 
        "action"        : "toggle_jato"         
    },


	
  ], 
"name"              : "Keyboard"          , 
"version"           : 1                   , 
"devicetype"        : "keyboard"          , 
"vidpid"            : "6F1D2B61"          , 
"guid"              : "{6F1D2B61-D5A0-11CF-BFC7-444553540000}"
}, 
