{
"bindings" :   [
	{
			"isInverted": false,
			"control": "upov",
			"action": "elevator_up",
			"deadzone" :{"end" : 0.1}
			"deadzone" :{"linearity" : 1.8}
			"deadzone" :{"rest" : 0.0}
    },
	
	
	{
			"isInverted": false,
			"control": "dpov",
			"action": "elevator_down",
			"deadzone" :{"end" : 0.1}
			"deadzone" :{"linearity" : 1.8}
			"deadzone" :{"rest" : 0.0}
    },
	
	{
			"isInverted": false,
			"control": "rpov",
			"action": "aileron_right",
			"deadzone" :{"end" : 0.1}
			"deadzone" :{"linearity" : 1.8}
			"deadzone" :{"rest" : 0.0}
    },
	
	{
			"isInverted": false,
			"control": "lpov",
			"action": "aileron_left",
			"deadzone" :{"end" : 0.1}
			"deadzone" :{"linearity" : 1.8}
			"deadzone" :{"rest" : 0.0}
    },
	
  ],
"name"              : "XBox Controller 1" ,
"version"           : 1                   ,
"devicetype"        : "xinput"            ,
"vidpid"            : "XIDevice"          ,
"guid"              : "xinput_device_XIDevice"
},
